,Memo,Subcategory,month,Amount
665,MORTONS               IRELAND               ,PAYMENT,1,-7.47
510,HSBC                  403810REIGATE         ,CASH,1,-50.0
520,INDIGO UK-GTR        ,PAYMENT,1,-28.35
524,INSIDE OUT HEALTH    ,PAYMENT,1,-37.95
529,ITUNES.COM/BILL       IRELAND               ,PAYMENT,1,-9.780000000000001
539,IZ *BOHO CAFE        ,PAYMENT,1,-10.3
549,IZ *JEFFREY?S TONI   ,PAYMENT,1,-7.0
559,JOHN LEWIS FINANCI    5420114001339167   STO,REPEATPMT,1,-100.0
575,Kindle Svcs*MB44I3    LUXEMBOURG            ,PAYMENT,1,-10.44
576,Kindle Svcs*MB4RO9    LUXEMBOURG            ,PAYMENT,1,-4.99
577,Kindle Svcs*MB74O6    LUXEMBOURG            ,PAYMENT,1,-6.99
578,Kindle Svcs*MB9OX6    LUXEMBOURG            ,PAYMENT,1,-7.49
588,LEON LONDON BRIDGE   ,PAYMENT,1,-6.95
589,LEVY RESTAURANTS U   ,PAYMENT,1,-10.35
497,HOMEBASE LTD 247     ,PAYMENT,1,-97.13
590,LEWES ANTIQUE CTR    ,PAYMENT,1,-35.0
594,LLOYDS                LOYD 1 LONDON ROAD    ,CASH,1,-20.0
616,M&amp;S SIMPLY FOOD -    ,PAYMENT,1,-44.400000000000006
626,MARKS&amp;SPENCER PLC    ,PAYMENT,1,-92.05
635,MARTIN MCCOLL        ,PAYMENT,1,-8.25
639,MCDONALDS            ,PAYMENT,1,-11.44
651,MILK&amp;MORE            ,PAYMENT,1,-11.4
667,MOUNTAIN WAREHOUSE   ,PAYMENT,1,-29.74
671,MRS LUCY DAVIES       4929150563141004   BBP,PAYMENT,1,-216.91
682,MUSEUM OF CHILDHOO   ,PAYMENT,1,-14.4
688,NAT MUSEUM OF CHIL   ,PAYMENT,1,-7.5
691,NAT WEST BANK         REDHILL 3             ,CASH,1,-20.0
692,NATIONAL TRUST       ,PAYMENT,1,-25.7
591,LEWES PARKING        ,PAYMENT,1,-1.9
491,HOLLAND &amp; BARRETT    ,PAYMENT,1,-4.29
168,BACKYARD CAFE        ,PAYMENT,1,-18.05
172,BARCLAYCARD VISA      4929150098037008   STO,REPEATPMT,1,-100.0
182,BASIL WHOLEFOODS L   ,PAYMENT,1,-7.45
187,BENEFIT COSMETICS    ,PAYMENT,1,-16.5
198,BETWEEN THE LINES    ,PAYMENT,1,-63.3
208,BOOTS,PAYMENT,1,-13.5
218,BOOTS 1315           ,PAYMENT,1,-1.3
222,BOOTS 1568           ,PAYMENT,1,-1.83
226,BOOTS 2118           ,PAYMENT,1,-6.98
231,BP HILLSIDE CONNEC   ,PAYMENT,1,-125.29
249,BURGER KING          ,PAYMENT,1,-2.49
258,C L WILLIAMS          JEZ DAVIES         FT ,FT,1,-260.0
259,CAB CALL             ,PAYMENT,1,-12.0
296,CLAIRE&#039;S ACCESSORI   ,PAYMENT,1,-5.0
300,CLUB SODA LTD         WE ARE IN GOOD COM FT ,FT,1,-120.0
317,COSTA COFFEE         ,PAYMENT,1,-69.48
340,DAYLEWIS REIGATE/0   ,PAYMENT,1,-11.54
369,EAT LTD              ,PAYMENT,1,-19.71
385,Eagle SA Suisse       SWITZERLAND           ,PAYMENT,1,-28.5
400,FIRST UTILITY         2006274            BBP,PAYMENT,1,-93.11
401,FLINT OWL BAKERY     ,PAYMENT,1,-4.6
404,FLUTE LESSONS         MT15043377         FT ,FT,1,-187.0
424,GOOGLE *Google Sto   ,PAYMENT,1,-9.58
447,H&amp;M                  ,PAYMENT,1,-43.02
708,NEW SOUTHERN RAILW   ,PAYMENT,1,-84.75
717,NEXT DIRECTORY       ,PAYMENT,1,-20.0
1076,SUPERDRUG STORES P   ,PAYMENT,1,-6.56
1113,TFL TRAVEL CH        ,PAYMENT,1,-12.0
1118,TH DOLMAN CHEMIST    ,PAYMENT,1,-9.4
1128,THE BLUE COW BUTCH   ,PAYMENT,1,-24.19
1130,THE BLUELIGHT         IRELAND               ,PAYMENT,1,-34.72
1131,THE BOTTLE TOWER 0    IRELAND               ,PAYMENT,1,-11.21
1152,THE LEMON TREE 01    ,PAYMENT,1,-15.98
1162,THE SCIENCE MUSEUM   ,PAYMENT,1,-26.0
1172,TIMPSON INSIDE MOR   ,PAYMENT,1,-24.5
1195,URBAN EXPRESS 1131   ,PAYMENT,1,-2.18
1203,USCUSTOMS ESTA APP    USA                   ,PAYMENT,1,-11.03
1204,VAGABOND WINES       ,PAYMENT,1,-5.0
1220,W M MORRISONS.COM    ,PAYMENT,1,-210.77
1228,WAGAMAMA ROYAL FES   ,PAYMENT,1,-27.5
1233,WAITROSE 527         ,PAYMENT,1,-6.15
1235,WAITROSE 573         ,PAYMENT,1,-74.36999999999999
1243,WATERSTONES          ,PAYMENT,1,-19.97
1267,WH SMITH              IRELAND               ,PAYMENT,1,-16.88
1278,WHISTLESTOP          ,PAYMENT,1,-1.99
1282,WILKO RETAIL LIMIT   ,PAYMENT,1,-9.0
1288,WM MORRISONS STORE   ,PAYMENT,1,-340.47
1307,WWW.FREEDOM-LEISUR   ,PAYMENT,1,-24.57
1311,WWW.IKEA.COM         ,PAYMENT,1,-29.7
1316,WWW.STAREDITIONS.C   ,PAYMENT,1,-30.45
1060,STEAMGAMES.COM       ,PAYMENT,1,-3.74
1051,SQ *THE BARN THEAT   ,PAYMENT,1,-1.0
1042,SOUTHERN CO-OP 037   ,PAYMENT,1,-2.0
753,OPEN TO LEARN         TAYLORS SCHOOL     STO,REPEATPMT,1,-20.0
763,PAPERCHASE           ,PAYMENT,1,-16.25
773,PATISSERIE VALERIE   ,PAYMENT,1,-9.6
831,POST OFFICE           13 LINKFIELD CORNE    ,CASH,1,-3.74
834,POST OFFICE COUNTE   ,PAYMENT,1,-21.84
846,PP*GATWICKAVIA       ,PAYMENT,1,-7.5
847,PP*URBAN KITCHEN     ,PAYMENT,1,-7.4
852,PRET A MANGER        ,PAYMENT,1,-4.69
871,PUCCINOS             ,PAYMENT,1,-13.8
873,PUCCINOS FOYER RED   ,PAYMENT,1,-12.100000000000001
885,PURE 23VS            ,PAYMENT,1,-2.75
888,PURE SW1E 5DJ        ,PAYMENT,1,-4.84
899,Prime Video*MB92C7    LUXEMBOURG            ,PAYMENT,1,-1.99
915,RAINBOWS              ELLA DAVIES MAGIC  FT ,FT,1,-10.0
917,RAINBOWS              ELLA DAVIES SUBS   FT ,FT,1,-30.0
919,RBK PARKING          ,PAYMENT,1,-3.6
924,REIGATE &amp; BANSTEAD   ,PAYMENT,1,-10.4
928,REIGATE DANCE COMP    MIA DAVIES         FT ,FT,1,-63.0
938,RIGHTS OF MAN        ,PAYMENT,1,-39.1
939,RINGGO               ,PAYMENT,1,-3.9
956,SAINSBURY&#039;S S/MKTS   ,PAYMENT,1,-21.65
980,SAINSBURYS S/MKTS    ,PAYMENT,1,-13.95
1001,SANTANDER UK          9 WARWICK QUADRANT    ,CASH,1,-40.0
1010,SCIENCE MUSEUM       ,PAYMENT,1,-14.0
1011,SCIENCE MUSEUM-BEN   ,PAYMENT,1,-18.2
1022,SHOPIFY * 58815731    IRELAND               ,PAYMENT,1,-23.45
1048,SPICE GURU           ,PAYMENT,1,-70.0
146,Amazon.co.uk*MB4MY    LUXEMBOURG            ,PAYMENT,1,-5.95
1330,notonthehighstreet   ,PAYMENT,1,-12.75
23,204676 93127729       MOBILE-CHANNEL     FT ,FT,1,-500.0
124,AMZN Mktp UK*MB0ST    LUXEMBOURG            ,PAYMENT,1,-24.0
117,AMZN DIGITAL*M21HK    LUXEMBOURG            ,PAYMENT,1,-7.99
83,ADOBE PHOTOGPHY PL    IRELAND               ,PAYMENT,1,-9.98
125,AMZN Mktp UK*MB2JB    LUXEMBOURG            ,PAYMENT,1,-14.65
126,AMZN Mktp UK*MB3PR    LUXEMBOURG            ,PAYMENT,1,-14.99
127,AMZN Mktp UK*MB9B9    LUXEMBOURG            ,PAYMENT,1,-7.99
74,ABBEY MASTERCARD C    5286897469256575   STO,REPEATPMT,1,-210.0
69,44111 OLE STEEN      ,PAYMENT,1,-15.5
115,AMY DICKSON           STRICTLY COACH     FT ,FT,1,-40.5
10,202397 05JAN 10.36    REIGATE            ATM,CASH,1,-20.0
123,AMZN Mktp UK*M25LV    LUXEMBOURG            ,PAYMENT,1,-8.4
4,1ST STOP STATIONER   ,PAYMENT,1,-23.79
119,AMZN MKTP UK*MB0UA    LUXEMBOURG            ,PAYMENT,1,-29.99
17,202397 25JAN 09.21    REIGATE            ATM,CASH,1,-10.0
108,AMT COFFEE           ,PAYMENT,1,-1.75
709,NEW SOUTHERN RAILW   ,PAYMENT,2,-71.69999999999999
280,CATH ROAN             HEN DO             FT ,FT,2,-186.0
627,MARKS&amp;SPENCER PLC    ,PAYMENT,2,-83.77
282,CENTER PARCS,PAYMENT,2,-499.0
1121,THE BELL STREET KI   ,PAYMENT,2,-5.4
617,M&amp;S SIMPLY FOOD -    ,PAYMENT,2,-8.6
287,CHAPTERS CAFE        ,PAYMENT,2,-2.3
609,Lush UK              ,PAYMENT,2,-16.95
1063,STEAMGAMES.COM 425    GERMANY               ,PAYMENT,2,-3.29
289,CHARLES TYRWHITT     ,PAYMENT,2,-119.0
1061,STEAMGAMES.COM       ,PAYMENT,2,-6.79
62,398-DUTY FREE AMER    USA                   ,PAYMENT,2,-35.06
754,OPEN TO LEARN         TAYLORS SCHOOL     STO,REPEATPMT,2,-20.0
290,CHARTWELL            ,PAYMENT,2,-15.4
1067,SUBUD BRITAIN         LD REIGATE         FT ,FT,2,-35.0
1269,WH SMITH TRAVEL      ,PAYMENT,2,-1.35
75,ABBEY MASTERCARD C    5286897469256575   STO,REPEATPMT,2,-210.0
1289,WM MORRISONS STORE   ,PAYMENT,2,-150.44
253,Belfry Shopping Ce   ,PAYMENT,2,-1.0
1283,WILKO RETAIL LIMIT   ,PAYMENT,2,-19.5
107,AMFBOWLING.CO.UK     ,PAYMENT,2,-5.94
114,AMY DICKSON           PADDLE BOARDS      FT ,FT,2,-10.0
1279,WHISTLESTOP          ,PAYMENT,2,-1.09
718,NEXT DIRECTORY       ,PAYMENT,2,-20.0
1084,Spotify P0953F310D   ,PAYMENT,2,-14.99
70,44111 OLE STEEN      ,PAYMENT,2,-6.2
608,LUMINIS REIGATE      ,PAYMENT,2,-22.5
1101,TESCO PFS 3874       ,PAYMENT,2,-1.3
652,MILK&amp;MORE            ,PAYMENT,2,-11.4
1111,TESCO-STORES 6647    ,PAYMENT,2,-106.04
640,MCDONALDS            ,PAYMENT,2,-8.77
636,MARTIN MCCOLL        ,PAYMENT,2,-4.2
725,NEXT RETAIL LTD      ,PAYMENT,2,-95.05
672,MRS LUCY DAVIES       4929150563141004   BBP,PAYMENT,2,-212.03
0,*39TH &amp; PARK          USA                   ,CASH,2,-78.78
511,HUDSONST1711          USA                   ,PAYMENT,2,-42.7
1173,TIMPSON INSIDE MOR   ,PAYMENT,2,-19.5
1236,WAITROSE 573         ,PAYMENT,2,-41.64
480,HMRC SELF ASSESSME    4628778700K        BBP,PAYMENT,2,-900.0
348,DISH                 ,PAYMENT,2,-40.4
1196,URBAN EXPRESS 1131   ,PAYMENT,2,-2.18
1202,URBAN KITCHEN        ,PAYMENT,2,-2.6
1231,WAITROSE 206         ,PAYMENT,2,-52.32
425,GOOGLE *Google Sto   ,PAYMENT,2,-9.58
1227,WAGAMAMA BRIGHTON    ,PAYMENT,2,-29.1
370,EAT LTD              ,PAYMENT,2,-16.96
420,GODSTONE FARM LIMI   ,PAYMENT,2,-66.75
377,EVEREST SPICE        ,PAYMENT,2,-23.6
512,HUGHENDEN MANOR      ,PAYMENT,2,-9.25
600,LLOYDS                LOYD 4 HIGH STREET    ,CASH,2,-30.0
514,IKEA LIMITED         ,PAYMENT,2,-196.2
328,COTE BRASSERIE - R   ,PAYMENT,2,-31.89
595,LLOYDS                LOYD 1 LONDON ROAD    ,CASH,2,-20.0
82,ACCESSORIZE LTD 11   ,PAYMENT,2,-16.5
1138,THE GALLERY          ,PAYMENT,2,-7.5
22,204676 93127729       FEB BILLS          FT ,FT,2,-500.0
1256,WEST CENTRAL         ,PAYMENT,2,-11.600000000000001
579,L&#039;OCCITANE           ,PAYMENT,2,-59.0
84,ADOBE PHOTOGPHY PL    IRELAND               ,PAYMENT,2,-9.98
309,COLE ADOLPHY LIMIT   ,PAYMENT,2,-17.7
571,KEVIN WINDOWS         11 DEVON CRESCENT  FT ,FT,2,-27.0
560,JOHN LEWIS FINANCI    5420114001339167   STO,REPEATPMT,2,-100.0
1151,THE JOHN HAWKSHAW    ,PAYMENT,2,-5.49
543,IZ *GRABTHAI - Ban   ,PAYMENT,2,-10.49
318,COSTA COFFEE         ,PAYMENT,2,-26.64
541,IZ *GRABTHAI - BAN   ,PAYMENT,2,-9.99
538,IZ *BEANBERRY COFF   ,PAYMENT,2,-6.5
530,ITUNES.COM/BILL       IRELAND               ,PAYMENT,2,-0.79
1244,WATERSTONES          ,PAYMENT,2,-9.99
525,INSIDE OUT HEALTH    ,PAYMENT,2,-122.53
521,INDIGO UK-GTR        ,PAYMENT,2,-14.3
1260,WH SMITH             ,PAYMENT,2,-21.06
1221,W M MORRISONS.COM    ,PAYMENT,2,-104.17
1002,SANTANDER UK          9 WARWICK QUADRANT    ,CASH,2,-60.0
186,BELL CARRIAGE LTD    ,PAYMENT,2,-40.0
860,PRIMARK              ,PAYMENT,2,-8.5
853,PRET A MANGER        ,PAYMENT,2,-15.57
1313,WWW.PARKMOBILE.COM   ,PAYMENT,2,-5.4
191,BENTALL CENTRE       ,PAYMENT,2,-2.8
55,204981 60037737       URGENT PAYMENT     FT ,FT,2,-20.0
862,PRIORY FARM NURSER   ,PAYMENT,2,-8.6
1049,SPICE GURU           ,PAYMENT,2,-81.25
832,POST OFFICE           13 LINKFIELD CORNE    ,CASH,2,-3.74
916,RAINBOWS              ELLA DAVIES MAGIC  FT ,FT,2,-23.0
199,BETWEEN THE LINES    ,PAYMENT,2,-10.49
828,PETS AT HOME         ,PAYMENT,2,-13.0
827,PETER DILLONS PUB     USA                   ,PAYMENT,2,-5.57
1050,SPORTSDIRECT.COM     ,PAYMENT,2,-28.0
835,POST OFFICE COUNTE   ,PAYMENT,2,-21.36
872,PUCCINOS             ,PAYMENT,2,-23.25
876,PUCCINOS REDHILL P   ,PAYMENT,2,-4.0
925,REIGATE &amp; BANSTEAD   ,PAYMENT,2,-11.1
905,Prime Video*MI9NC7    LUXEMBOURG            ,PAYMENT,2,-2.49
904,Prime Video*MI5538    LUXEMBOURG            ,PAYMENT,2,-4.49
155,Audible.co.uk        ,PAYMENT,2,-7.99
154,Audible UK           ,PAYMENT,2,-18.0
903,Prime Video*MI2PS0    LUXEMBOURG            ,PAYMENT,2,-1.89
874,PUCCINOS FOYER RED   ,PAYMENT,2,-10.2
1023,SHOPIFY * 59917797    IRELAND               ,PAYMENT,2,-23.07
170,BANK OF IRELAND       PO LINKFIELD CORNE    ,CASH,2,-50.0
232,BP HILLSIDE CONNEC   ,PAYMENT,2,-65.83
173,BARCLAYCARD VISA      4929150098037008   STO,REPEATPMT,2,-100.0
886,PURE 23VS            ,PAYMENT,2,-3.25
152,Amazon.co.uk*MW99J    LUXEMBOURG            ,PAYMENT,2,-25.68
944,RODERICK CHARLES C   ,PAYMENT,2,-129.0
920,RBK PARKING          ,PAYMENT,2,-2.55
964,SAINSBURYS BANK       89 Cannon Street      ,CASH,2,-80.0
206,BLEECKER ST BURGER   ,PAYMENT,2,-37.0
120,AMZN MKTP UK*MI5OJ    LUXEMBOURG            ,PAYMENT,2,-5.07
139,ASK REIGATE          ,PAYMENT,2,-16.62
957,SAINSBURY&#039;S S/MKTS   ,PAYMENT,2,-147.0
772,PARTNERS FOR PRINT   ,PAYMENT,2,-11.04
945,RONTEC REIGATE MAN   ,PAYMENT,2,-27.69
981,SAINSBURYS S/MKTS    ,PAYMENT,2,-42.9
764,PAPERCHASE           ,PAYMENT,2,-5.0
1302,WWW.DOMINOS.CO.UK    ,PAYMENT,2,-26.72
209,BOOTS,PAYMENT,2,-5.680000000000001
522,INDIGO UK-GTR        ,PAYMENT,3,-21.450000000000003
926,REIGATE &amp; BANSTEAD   ,PAYMENT,3,-3.1
103,AMAZON.CO.UK*MW4XN    LUXEMBOURG            ,PAYMENT,3,-80.75
516,IKEA LTD 144 CROYD   ,PAYMENT,3,-259.95
389,FAME OF SURREY       ,PAYMENT,3,-13.0
105,AMAZON.CO.UK*MW89Y    LUXEMBOURG            ,PAYMENT,3,-6.0
498,HOMEBASE LTD 247     ,PAYMENT,3,-85.03
929,REIGATE DANCE COMP    MIA DAVIES         FT ,FT,3,-57.0
398,FAST FOODS LDN LTD   ,PAYMENT,3,-5.9
982,SAINSBURYS S/MKTS    ,PAYMENT,3,-453.47999999999996
1174,TK MAXX              ,PAYMENT,3,-91.32
104,AMAZON.CO.UK*MW5WF    LUXEMBOURG            ,PAYMENT,3,-8.54
485,HOBBYCRAFT           ,PAYMENT,3,-28.5
943,ROADCHEF M SERV UP   ,PAYMENT,3,-3.49
1188,TWO MANY COOKS       ,PAYMENT,3,-24.049999999999997
455,HARRIS AND HOOLE H   ,PAYMENT,3,-9.7
1184,TRAINLINE            ,PAYMENT,3,-30.85
451,HAM YARD HOTEL       ,PAYMENT,3,-50.0
448,HALFORDS 0725        ,PAYMENT,3,-119.0
444,H &amp; M                ,PAYMENT,3,-44.02
946,RONTEC REIGATE MAN   ,PAYMENT,3,-90.14
1182,TOY BARNHAUS         ,PAYMENT,3,-52.97
955,S LOCKE               MIA DAVIES YR4     FT ,FT,3,-40.0
1003,SANTANDER UK          9 WARWICK QUADRANT    ,CASH,3,-20.0
1180,TOOLSTATION LTD      ,PAYMENT,3,-3.84
958,SAINSBURY&#039;S S/MKTS   ,PAYMENT,3,-59.95
426,GOOGLE *Google Sto   ,PAYMENT,3,-9.58
1205,VENDING SOLUTIONS    ,PAYMENT,3,-4.3
934,REIGATE PARISH CHU   ,PAYMENT,3,-19.0
933,REIGATE PARISH        MIA + ELLA DAVIES  BBP,PAYMENT,3,-13.0
489,HOLBORNS LIMITED     ,PAYMENT,3,-3.98
755,OPEN TO LEARN         TAYLORS SCHOOL     STO,REPEATPMT,3,-20.0
85,ADOBE PHOTOGPHY PL    IRELAND               ,PAYMENT,3,-9.98
531,ITUNES.COM/BILL       IRELAND               ,PAYMENT,3,-9.780000000000001
1085,Spotify P09BFC6090   ,PAYMENT,3,-14.99
813,PAYPAL *WORDERY      ,PAYMENT,3,-26.15
812,PAYPAL *WHITEHINGE   ,PAYMENT,3,-12.99
810,PAYPAL *UMTCOMPUTE   ,PAYMENT,3,-4.4
808,PAYPAL *THEPIHUT     ,PAYMENT,3,-3.8
807,PAYPAL *SUEJAY74     ,PAYMENT,3,-137.5
802,PAYPAL *SEAINTERNA   ,PAYMENT,3,-11.59
704,NATIONWIDE B.S.       HIGH STREET           ,CASH,3,-20.0
799,PAYPAL *RUBADUB      ,PAYMENT,3,-12.99
707,NEW GURKHA KITCHEN   ,PAYMENT,3,-65.66
790,PAYPAL *JIAZHONGSU   ,PAYMENT,3,-3.79
710,NEW SOUTHERN RAILW   ,PAYMENT,3,-54.9
789,PAYPAL *JEANETTEME   ,PAYMENT,3,-1.79
788,PAYPAL *HURNANDHUR   ,PAYMENT,3,-50.92
726,NEXT RETAIL LTD      ,PAYMENT,3,-52.05
786,PAYPAL *HATSOL       ,PAYMENT,3,-71.95
731,NOTEMACHINE           MORRISONS STROOD 2    ,CASH,3,-50.0
1068,SUBUD BRITAIN         LUCY DAVIES        BBP,PAYMENT,3,-35.0
782,PAYPAL *EFORCE LTD   ,PAYMENT,3,-30.0
1065,STRADA WOBURN        ,PAYMENT,3,-60.0
777,PAYPAL *BOOKSETCLT   ,PAYMENT,3,-15.13
765,PAPERCHASE           ,PAYMENT,3,-9.25
814,PAYPAL *WORLDBOOKS   ,PAYMENT,3,-26.2
36,204981 13823431       GARDEN RENOVATION  FT ,FT,3,-21000.0
673,MRS LUCY DAVIES       4929150563141004   BBP,PAYMENT,3,-207.26
662,MONKEY BUSINESS      ,PAYMENT,3,-17.79
19,202397 26MAR 16.55    REIGATE            ATM,CASH,3,-30.0
912,Prime Video*MZ1AF5    LUXEMBOURG            ,PAYMENT,3,-4.99
909,Prime Video*MW1KX4    LUXEMBOURG            ,PAYMENT,3,-4.49
542,IZ *GRABTHAI - BAN   ,PAYMENT,3,-10.49
544,IZ *GRABTHAI - Ban   ,PAYMENT,3,-10.49
552,JOHN LEWIS           ,PAYMENT,3,-4.5
561,JOHN LEWIS FINANCI    5420114001339167   STO,REPEATPMT,3,-100.0
1024,SHOPIFY * 61069325    IRELAND               ,PAYMENT,3,-22.94
889,Patreon* Membershi    AMOUNT IN USD         ,PAYMENT,3,-4.72
884,PUMPKIN CAFE         ,PAYMENT,3,-1.99
877,PUCCINOS REDHILL P   ,PAYMENT,3,-15.25
1132,THE CHILDRENS TRUS   ,PAYMENT,3,-11.5
864,PUCCINO&#039;S REDHILL    ,PAYMENT,3,-17.95
596,LLOYDS                LOYD 1 LONDON ROAD    ,CASH,3,-70.0
25,204676 93127729       MOBILE-CHANNEL     FT ,FT,3,-500.0
851,PRESS COFFEE &amp; CO    ,PAYMENT,3,-2.8
1122,THE BELL STREET KI   ,PAYMENT,3,-7.2
76,ABBEY MASTERCARD C    5286897469256575   STO,REPEATPMT,3,-210.0
836,POST OFFICE COUNTE   ,PAYMENT,3,-30.68
628,MARKS&amp;SPENCER PLC    ,PAYMENT,3,-3.0
646,METRO NEWS           ,PAYMENT,3,-3.99
816,PAYPAL *YOGGYBEATS   ,PAYMENT,3,-11.1
653,MILK&amp;MORE            ,PAYMENT,3,-11.4
815,PAYPAL *YANGXIAODO   ,PAYMENT,3,-2.79
1149,THE HATCH PUBLIC H   ,PAYMENT,3,-5.9
1224,WAGAMAMA 244         ,PAYMENT,3,-33.15
128,AMZN Mktp UK*MW130    LUXEMBOURG            ,PAYMENT,3,-3.99
1229,WAITROSE 182         ,PAYMENT,3,-13.01
266,CARDTRONICS UK LTD    BP - BRIGHTON ROAD    ,CASH,3,-50.0
1245,WATERSTONES          ,PAYMENT,3,-14.98
9,200574 10MAR 17.57    CP WOBURN 2        ATM,CASH,3,-30.0
1237,WAITROSE 573         ,PAYMENT,3,-46.89
5,1ST STOP STATIONER   ,PAYMENT,3,-6.53
109,AMT COFFEE           ,PAYMENT,3,-1.75
1290,WM MORRISONS STORE   ,PAYMENT,3,-278.44
333,CURRYS               ,PAYMENT,3,-11.99
196,BENUGO BAR &amp; KITCH   ,PAYMENT,3,-25.0
122,AMZN MKTP UK*MZ56L    LUXEMBOURG            ,PAYMENT,3,-5.01
1297,WOBURN CP-LEON 184   ,PAYMENT,3,-13.0
200,BETWEEN THE LINES    ,PAYMENT,3,-2.5
223,BOOTS 1987           ,PAYMENT,3,-20.0
1303,WWW.DOMINOS.CO.UK    ,PAYMENT,3,-30.22
219,BOOTS 1315           ,PAYMENT,3,-3.25
233,BP HILLSIDE CONNEC   ,PAYMENT,3,-81.03999999999999
344,DELICE DE FRANCE     ,PAYMENT,3,-5.77
346,DEXTERS BARBER SHO   ,PAYMENT,3,-18.0
1317,WWW.TOOLSTATION.CO   ,PAYMENT,3,-14.0
1300,WWW.BETTER.ORG.UK.   ,PAYMENT,3,-43.66
210,BOOTS,PAYMENT,3,-17.04
121,AMZN MKTP UK*MW7KR    LUXEMBOURG            ,PAYMENT,3,-3.99
207,BLEECKER ST BURGER   ,PAYMENT,3,-13.5
205,BIRLEYS              ,PAYMENT,3,-10.5
204,BILL&#039;S SEVENOAKS     ,PAYMENT,3,-60.12
239,BP RUSHETT CONNECT   ,PAYMENT,3,-2.78
335,Cassidys              IRELAND               ,PAYMENT,3,-31.09
371,EAT LTD              ,PAYMENT,3,-21.450000000000003
185,BELL &amp; CROWN         ,PAYMENT,3,-80.0
118,AMZN DIGITAL*MW3V5    LUXEMBOURG            ,PAYMENT,3,-17.21
378,EVEREST SPICE        ,PAYMENT,3,-25.4
284,CHALK HILLS BAKERY   ,PAYMENT,3,-6.4
288,CHAPTERS CAFE        ,PAYMENT,3,-4.7
283,CENTER PARCS,PAYMENT,3,-343.84
150,Amazon.co.uk*MW0X3    LUXEMBOURG            ,PAYMENT,3,-5.99
1261,WH SMITH             ,PAYMENT,3,-39.07
151,Amazon.co.uk*MW7NS    LUXEMBOURG            ,PAYMENT,3,-5.57
312,COSTA @ NEXT 43040   ,PAYMENT,3,-22.45
319,COSTA COFFEE         ,PAYMENT,3,-42.300000000000004
1257,WEST CENTRAL         ,PAYMENT,3,-23.849999999999998
1270,WH SMITH TRAVEL      ,PAYMENT,3,-2.6
276,CARMONA TAPAS&amp; GRI   ,PAYMENT,3,-22.0
156,Audible.co.uk        ,PAYMENT,3,-7.99
776,PAYPAL *BENPARSONS   ,PAYMENT,4,-147.29
774,PAYPAL *ALLTOPNOTC   ,PAYMENT,4,-4.28
1299,WOTTON FARM SHOP     ,PAYMENT,4,-17.49
604,LONDIS               ,PAYMENT,4,-7.26
227,BOOTS 2118           ,PAYMENT,4,-0.65
602,LOCAL HERO KINGSTO   ,PAYMENT,4,-12.1
1262,WH SMITH             ,PAYMENT,4,-7.99
749,ODEON                ,PAYMENT,4,-3.45
580,LA CLOCHE PUB LTD    ,PAYMENT,4,-21.0
1136,THE ENTERTAINER 15   ,PAYMENT,4,-19.0
1301,WWW.COTSWOLDFARMPA   ,PAYMENT,4,-53.0
234,BP HILLSIDE CONNEC   ,PAYMENT,4,-7.43
1125,THE BLACK HORSE      ,PAYMENT,4,-77.35
756,OPEN TO LEARN         TAYLORS SCHOOL     STO,REPEATPMT,4,-20.0
766,PAPERCHASE           ,PAYMENT,4,-3.0
762,OXFAM F4250          ,PAYMENT,4,-10.93
304,CO-OP GROUP FOOD     ,PAYMENT,4,-3.4
581,LA REDOUTE           ,PAYMENT,4,-81.75
86,ADOBE PHOTOGPHY PL    IRELAND               ,PAYMENT,4,-9.98
770,PAPERCHASE PRODUCT   ,PAYMENT,4,-9.0
751,ODEON/BOOKIT         ,PAYMENT,4,-32.25
271,CARDTRONICS UK LTD    CANNON STREET STAT    ,CASH,4,-20.0
618,M&amp;S SIMPLY FOOD -    ,PAYMENT,4,-23.7
654,MILK&amp;MORE            ,PAYMENT,4,-14.25
273,CARDTRONICS UK LTD    MIDCOUNTIES COOP      ,CASH,4,-50.0
1104,TESCO STORE 2560     ,PAYMENT,4,-33.35
666,MOTO READING WT CO   ,PAYMENT,4,-5.98
277,CARMONA TAPAS&amp; GRI   ,PAYMENT,4,-66.17
674,MRS LUCY DAVIES       4929150563141004   BBP,PAYMENT,4,-202.59
1094,T A DELAHUNTY         LUCY DAVIES        FT ,FT,4,-40.0
684,N H CATERING         ,PAYMENT,4,-465.0
686,NANDOS GLSTR QUAY    ,PAYMENT,4,-37.25
1114,TFL TRAVEL CH        ,PAYMENT,4,-4.6
687,NANDOS REIGATE       ,PAYMENT,4,-9.7
263,CAFFE NERO 17 CLAP   ,PAYMENT,4,-2.25
693,NATIONAL TRUST       ,PAYMENT,4,-7.0
703,NATIONAL TYRE SERV   ,PAYMENT,4,-59.5
711,NEW SOUTHERN RAILW   ,PAYMENT,4,-33.2
1077,SUPERPET THE HORSE   ,PAYMENT,4,-100.64
629,MARKS&amp;SPENCER PLC    ,PAYMENT,4,-57.699999999999996
719,NEXT DIRECTORY       ,PAYMENT,4,-50.0
77,ABBEY MASTERCARD C    5286897469256575   STO,REPEATPMT,4,-210.0
247,BUCKINGHAMSHIRE CO   ,PAYMENT,4,-4.5
26,204676 93127729       MOBILE-CHANNEL     FT ,FT,4,-450.0
1271,WH SMITH TRAVEL      ,PAYMENT,4,-5.74
732,NOWTV.COM/BILLINGH   ,PAYMENT,4,-7.99
738,NUTRITION CENTRE L   ,PAYMENT,4,-9.3
612,M&amp;S SIMPLY FOOD      ,PAYMENT,4,-22.65
1291,WM MORRISONS STORE   ,PAYMENT,4,-135.73999999999998
796,PAYPAL *PIK          ,PAYMENT,4,-1.87
780,PAYPAL *CONTACT      ,PAYMENT,4,-1.32
153,Amazon.co.uk*MZ2NB    LUXEMBOURG            ,PAYMENT,4,-10.19
1009,SAVERS HEALTH &amp; BE   ,PAYMENT,4,-2.79
157,Audible.co.uk        ,PAYMENT,4,-7.99
921,RBK PARKING          ,PAYMENT,4,-2.4
1319,YO SUSHI             ,PAYMENT,4,-87.0
914,Prime Video*MZ9G61    LUXEMBOURG            ,PAYMENT,4,-3.99
913,Prime Video*MZ7U84    LUXEMBOURG            ,PAYMENT,4,-3.49
1318,WWW.ULTIMATEACTIVI   ,PAYMENT,4,-92.0
911,Prime Video*MZ17I7    LUXEMBOURG            ,PAYMENT,4,-4.49
910,Prime Video*MZ1643    LUXEMBOURG            ,PAYMENT,4,-1.99
1025,SHOPIFY * 62248862    IRELAND               ,PAYMENT,4,-22.87
890,Patreon* Membershi    AMOUNT IN USD         ,PAYMENT,4,-4.75
171,BANK OF IRELAND       PO LINKFIELD CORNE    ,CASH,4,-20.0
1004,SANTANDER UK          9 WARWICK QUADRANT    ,CASH,4,-60.0
149,Amazon.co.uk*MN881    LUXEMBOURG            ,PAYMENT,4,-10.15
148,Amazon.co.uk*MN7TF    LUXEMBOURG            ,PAYMENT,4,-4.95
129,AMZN Mktp UK*MZ4X2    LUXEMBOURG            ,PAYMENT,4,-4.72
983,SAINSBURYS S/MKTS    ,PAYMENT,4,-331.04
991,SAN REMO CAFE        ,PAYMENT,4,-13.3
135,ANDERTONS MUSIC      ,PAYMENT,4,-74.99
136,ARGOS LTD            ,PAYMENT,4,-47.99
883,PUMPKIN              ,PAYMENT,4,-6.39
140,AirHop Bristol Ltd   ,PAYMENT,4,-244.2
959,SAINSBURY&#039;S S/MKTS   ,PAYMENT,4,-274.97
141,AirHop Ltd           ,PAYMENT,4,-5.4
952,RUSH                 ,PAYMENT,4,-45.0
947,RONTEC REIGATE MAN   ,PAYMENT,4,-224.41000000000003
1322,ZARA KINGSTON        ,PAYMENT,4,-18.98
778,PAYPAL *BRIGHTCOMP   ,PAYMENT,4,-3.14
878,PUCCINOS REDHILL P   ,PAYMENT,4,-8.75
865,PUCCINO&#039;S REDHILL    ,PAYMENT,4,-4.0
211,BOOTS,PAYMENT,4,-20.57
811,PAYPAL *UTRONIX      ,PAYMENT,4,-10.98
809,PAYPAL *THONK SYNT   ,PAYMENT,4,-37.89
1310,WWW.GOAPE.CO.UK      ,PAYMENT,4,-119.0
1309,WWW.GEAR4MUSIC.COM   ,PAYMENT,4,-8.95
805,PAYPAL *SHENZHENSH    HONG KONG             ,PAYMENT,4,-2.29
803,PAYPAL *SHANGHAIYI   ,PAYMENT,4,-3.05
795,PAYPAL *PAYPAL       ,PAYMENT,4,-1.99
220,BOOTS 1533           ,PAYMENT,4,-7.24
785,PAYPAL *FUZHOUXINC   ,PAYMENT,4,-3.19
784,PAYPAL *EMCHIRELTD   ,PAYMENT,4,-65.0
224,BOOTS 1987           ,PAYMENT,4,-15.88
781,PAYPAL *DISCOUNTDE   ,PAYMENT,4,-6.29
201,BETWEEN THE LINES    ,PAYMENT,4,-21.4
829,PIZZA EXPRESS        ,PAYMENT,4,-71.2
188,BENEFIT COSMETICS    ,PAYMENT,4,-25.0
859,PRICEWATCH LOCAL L   ,PAYMENT,4,-44.26
1037,SMIGGLE              ,PAYMENT,4,-12.05
1039,SMITH &amp; WESTERN (T   ,PAYMENT,4,-4.9
854,PRET A MANGER        ,PAYMENT,4,-11.54
1040,SNOW &amp; ROCK          ,PAYMENT,4,-30.65
192,BENTALL CENTRE       ,PAYMENT,4,-11.4
1032,SMALLFIELD RIDING    ,PAYMENT,4,-100.0
850,PREMIER FARNELL      ,PAYMENT,4,-14.29
1043,SOUTHERN CO-OP 037   ,PAYMENT,4,-9.19
837,POST OFFICE COUNTE   ,PAYMENT,4,-16.310000000000002
195,BENTALLS KINGSTON    ,PAYMENT,4,-149.98
833,POST OFFICE           13 LINKFIELD CORNE    ,CASH,4,-1.05
197,BERKELEY HEATH MOT   ,PAYMENT,4,-22.54
843,POUNDLAND            ,PAYMENT,4,-5.05
569,K2 CRAWLEY           ,PAYMENT,4,-11.4
1086,Spotify P0A3625F27   ,PAYMENT,4,-14.99
490,HOLBORNS LIMITED     ,PAYMENT,4,-8.05
1160,THE RED LION         ,PAYMENT,4,-14.4
499,HOMEBASE LTD 247     ,PAYMENT,4,-302.44
1238,WAITROSE 573         ,PAYMENT,4,-62.019999999999996
320,COSTA COFFEE         ,PAYMENT,4,-35.75
337,Crawley Borough Co   ,PAYMENT,4,-1.1
419,GODADDY COM EUROPE   ,PAYMENT,4,-21.46
505,HOMEBASE LTD 290     ,PAYMENT,4,-68.75
435,GREENSLEEVES         ,PAYMENT,4,-17.98
486,HOBBYCRAFT           ,PAYMENT,4,-5.8
110,AMT COFFEE           ,PAYMENT,4,-1.75
482,HN &amp; WM LTD          ,PAYMENT,4,-4.17
550,JAMES HARTWELL PRO    INVOICE 000098     FT ,FT,4,-230.0
492,HOLLAND &amp; BARRETT    ,PAYMENT,4,-7.99
506,HOMESENSE            ,PAYMENT,4,-76.94
1197,URBAN EXPRESS 1131   ,PAYMENT,4,-1.09
20,203200 16APR 10.05    CITY ROAD 1        ATM,CASH,4,-40.0
418,GLOUCESTER SNORTH    ,PAYMENT,4,-11.4
417,GLOUCESTER QUAYS P   ,PAYMENT,4,-4.4
523,INDIGO UK-GTR        ,PAYMENT,4,-7.15
526,INSIDE OUT HEALTH    ,PAYMENT,4,-5.99
527,INTERFLORA BRITISH   ,PAYMENT,4,-47.0
1168,THE WORKS            ,PAYMENT,4,-33.2
1164,THE STATION PUB      ,PAYMENT,4,-72.07
1230,WAITROSE 195         ,PAYMENT,4,-28.45
1246,WATERSTONES          ,PAYMENT,4,-6.99
330,COTSWOLD FARM PARK   ,PAYMENT,4,-30.9
427,GOOGLE *Google Sto   ,PAYMENT,4,-9.58
513,Hoggies bar &amp; bist   ,PAYMENT,4,-19.1
532,ITUNES.COM/BILL       IRELAND               ,PAYMENT,4,-9.780000000000001
412,GAYTON VETERINARY    ,PAYMENT,4,-73.09
410,GAILS - FARHAM       ,PAYMENT,4,-20.7
508,HORIZON PARKING LT   ,PAYMENT,4,-9.0
551,JET AGE MUSEUMI      ,PAYMENT,4,-4.7
1175,TK MAXX              ,PAYMENT,4,-39.99
14,202397 10APR 21.52    REIGATE            ATM,CASH,4,-20.0
350,DNH*GODADDY.COM EU   ,PAYMENT,4,-82.9
466,HEMA                 ,PAYMENT,4,-14.25
313,COSTA @ NEXT 43040   ,PAYMENT,4,-20.09
562,JOHN LEWIS FINANCI    5420114001339167   STO,REPEATPMT,4,-100.0
347,DEXTERS BARBER SHO   ,PAYMENT,4,-18.0
379,EVEREST SPICE        ,PAYMENT,4,-25.35
449,HALIFAX PLC           HFX  BATTERSEA        ,CASH,4,-10.0
387,FALCON               ,PAYMENT,4,-13.65
352,DPT OF COFFEE &amp; SO   ,PAYMENT,4,-6.9
353,DRUSILLAS ZOO        ,PAYMENT,4,-71.35
445,H &amp; M                ,PAYMENT,4,-12.03
553,JOHN LEWIS           ,PAYMENT,4,-8.5
332,COWPIE COUNTRY SHO   ,PAYMENT,5,-32.0
3,11.30 on 18/05/19     M9 REIGATE         ASD,OTH,5,-40.0
1239,WAITROSE 573         ,PAYMENT,5,-36.82
830,PIZZA EXPRESS        ,PAYMENT,5,-30.75
1166,THE TEA HOUSE        ,PAYMENT,5,-4.6
887,PURE PHARMACY         IRELAND               ,PAYMENT,5,-20.33
838,POST OFFICE COUNTE   ,PAYMENT,5,-2.3
1292,WM MORRISONS STORE   ,PAYMENT,5,-126.72999999999999
1169,TICKETS COM          ,PAYMENT,5,-21.5
733,NOWTV.COM/BILLINGH   ,PAYMENT,5,-7.99
891,Patreon* Membershi    AMOUNT IN USD         ,PAYMENT,5,-4.74
428,GOOGLE *Google Sto   ,PAYMENT,5,-9.58
99,AMAZON PRIME*MN0VR    LUXEMBOURG            ,PAYMENT,5,-7.99
329,COTE BRASSERIE - R   ,PAYMENT,5,-69.92
1026,SHOPIFY * 63458462    IRELAND               ,PAYMENT,5,-22.97
1198,URBAN EXPRESS 1131   ,PAYMENT,5,-1.09
906,Prime Video*MN0337    LUXEMBOURG            ,PAYMENT,5,-3.49
169,BAMBALAN             ,PAYMENT,5,-50.0
31,204676 93127729    FT ,FT,5,-400.0
712,NEW SOUTHERN RAILW   ,PAYMENT,5,-88.1
254,Belfry Shopping Ce   ,PAYMENT,5,-1.7
164,B &amp; Q 1155           ,PAYMENT,5,-9.5
6,1ST STOP STATIONER   ,PAYMENT,5,-11.11
1079,Saba UK-GTR          ,PAYMENT,5,-35.75
720,NEXT DIRECTORY       ,PAYMENT,5,-20.0
1189,TWO MANY COOKS       ,PAYMENT,5,-4.6
791,PAYPAL *KEVBRAV      ,PAYMENT,5,-3.49
739,NYA*Fotomatic Limi   ,PAYMENT,5,-3.0
848,PP*URBAN KITCHEN     ,PAYMENT,5,-7.9
215,BOOTS                ,PAYMENT,5,-4.5
801,PAYPAL *SAINSBURYS   ,PAYMENT,5,-10.0
775,PAYPAL *ANDELECTRO   ,PAYMENT,5,-11.42
216,BOOTS 1132           ,PAYMENT,5,-16.01
1178,TODDINGTON N/E COS   ,PAYMENT,5,-5.98
767,PAPERCHASE           ,PAYMENT,5,-14.5
487,HOBBYCRAFT           ,PAYMENT,5,-9.5
798,PAYPAL *ROOKATRONI   ,PAYMENT,5,-8.98
797,PAYPAL *RHISAGER     ,PAYMENT,5,-30.0
855,PRET A MANGER        ,PAYMENT,5,-7.34
343,DEEP BLUE RESTAURA   ,PAYMENT,5,-13.19
794,PAYPAL *OHM COMMS    ,PAYMENT,5,-11.5
779,PAYPAL *BRIGHTCOMP   ,PAYMENT,5,-4.94
866,PUCCINO&#039;S REDHILL    ,PAYMENT,5,-9.5
804,PAYPAL *SHANGHAIZH   ,PAYMENT,5,-3.78
1052,SQUIRES GARDEN CEN   ,PAYMENT,5,-14.25
1064,STONEHENGE SERVICE   ,PAYMENT,5,-10.68
792,PAYPAL *MILESTIRE2   ,PAYMENT,5,-6.99
879,PUCCINOS REDHILL P   ,PAYMENT,5,-20.15
1194,ULSTER BANK /         IRELAND               ,CASH,5,-19.22
467,HEMA London Victor   ,OTH,5,-3.75
212,BOOTS,PAYMENT,5,-20.57
875,PUCCINOS REDHILL P   ,OTH,5,-4.75
750,ODEON                ,PAYMENT,5,-5.6
183,BATHROOMSTORE.CO     ,PAYMENT,5,-52.72
500,HOMEBASE LTD 247     ,PAYMENT,5,-53.47
757,OPEN TO LEARN         TAYLORS SCHOOL     STO,REPEATPMT,5,-20.0
1033,SMALLFIELD RIDING    ,PAYMENT,5,-110.0
1059,STARBUCKS BARTON S   ,PAYMENT,5,-11.8
509,HORIZON PARKING LT   ,PAYMENT,5,-6.0
817,PAYPAL *ZHOUCONGLE   ,PAYMENT,5,-5.96
907,Prime Video*MN1FY5    LUXEMBOURG            ,PAYMENT,5,-2.49
453,HARLEQUIN THEATRE    ,PAYMENT,5,-50.5
597,LLOYDS                LOYD 1 LONDON ROAD    ,CASH,5,-180.0
1115,TFL TRAVEL CH        ,PAYMENT,5,-14.399999999999999
111,AMT COFFEE           ,PAYMENT,5,-1.75
314,COSTA @ NEXT 43040   ,PAYMENT,5,-2.75
556,JOHN LEWIS FINANCI    5420114001339167   BBP,PAYMENT,5,-200.0
27,204676 93127729       MOBILE-CHANNEL     FT ,FT,5,-71.0
1133,THE CHILDRENS TRUS   ,PAYMENT,5,-5.0
274,CARDTRONICS UK LTD    RONTEC - REIGATE M    ,CASH,5,-200.0
641,MCDONALDS            ,PAYMENT,5,-6.05
1005,SANTANDER UK          9 WARWICK QUADRANT    ,CASH,5,-60.0
1112,TFL TRAVEL CH        ,OTH,5,-22.0
380,EVEREST SPICE        ,PAYMENT,5,-61.0
106,AMF BOWLING          ,PAYMENT,5,-38.65
321,COSTA COFFEE         ,PAYMENT,5,-33.04
611,M WILSON              SPOT OF CAMPING    BBP,PAYMENT,5,-92.5
935,REIGATE PARISH CHU   ,PAYMENT,5,-17.0
403,FLUTE LESSONS         MT15043377         BBP,PAYMENT,5,-187.0
1258,WEST CENTRAL         ,PAYMENT,5,-4.55
630,MARKS&amp;SPENCER PLC    ,PAYMENT,5,-96.53999999999999
613,M&amp;S SIMPLY FOOD      ,PAYMENT,5,-20.05
607,LUCK FOUNTAIN        ,PAYMENT,5,-78.87
399,FINCH AND SON        ,PAYMENT,5,-24.99
78,ABBEY MASTERCARD C    5286897469256575   STO,REPEATPMT,5,-210.0
292,CHIEVELEY COSTA      ,PAYMENT,5,-19.29
619,M&amp;S SIMPLY FOOD -    ,PAYMENT,5,-17.2
1323,ZARA OXFORD ST FAR   ,OTH,5,-35.98
1154,THE LOOP T2           IRELAND               ,PAYMENT,5,-51.41
375,EB *THE LITTLE WEL    IRELAND               ,PAYMENT,5,-71.52
545,IZ *GRABTHAI - Ban   ,PAYMENT,5,-10.49
1129,THE BLUE COW BUTCH   ,PAYMENT,5,-22.55
293,CHIEVELEY WH SMITH   ,PAYMENT,5,-1.99
965,SAINSBURYS BANK       Sainsburys Bank       ,CASH,5,-110.0
948,RONTEC REIGATE MAN   ,PAYMENT,5,-186.86
587,LEON CANNON ST       ,PAYMENT,5,-5.95
648,MICHAEL               MS                 FT ,FT,5,-100.0
675,MRS LUCY DAVIES       4929150563141004   BBP,PAYMENT,5,-200.0
91,ADOBE STOCK           IRELAND               ,PAYMENT,5,-23.99
655,MILK&amp;MORE            ,PAYMENT,5,-9.5
922,RBK PARKING          ,PAYMENT,5,-4.4
414,GLL HORLEY ANDERSO   ,PAYMENT,5,-24.35
563,JOHN LEWIS FINANCI    5420114001339167   STO,REPEATPMT,5,-100.0
680,MUFFIN BREAK REDHI   ,PAYMENT,5,-2.1
87,ADOBE PHOTOGPHY PL    IRELAND               ,PAYMENT,5,-9.98
564,JULIA BASS            MIA DAVIES         FT ,FT,5,-150.0
267,CARDTRONICS UK LTD    BP - BRIGHTON ROAD    ,CASH,5,-40.0
39,204981 13823431       LUCY APRIL SALARY  FT ,FT,5,-1500.0
1250,WELCOME B/FLEET NO   ,PAYMENT,5,-3.75
570,KEVIN WINDOWS         11 DEVON CRESCENT  BBP,PAYMENT,5,-54.0
1087,Spotify UK           ,PAYMENT,5,-14.99
384,EXPERIENCE DAYS      ,PAYMENT,5,-83.95
1017,SHELL BUCKLAND 238   ,PAYMENT,5,-25.2
689,NAT WEST BANK         N/RAIL VICTORIA 3     ,CASH,5,-20.0
918,RAINBOWS              ELLA DAVIES SUBS   FT ,FT,5,-30.0
71,44111 OLE STEEN VI   ,PAYMENT,5,-17.1
960,SAINSBURY&#039;S S/MKTS   ,PAYMENT,5,-185.82999999999998
661,MKP TRANSPORT         INV 1389           FT ,FT,5,-180.0
1253,WELCOME BREAK KFC    ,PAYMENT,5,-8.71
1108,TESCO STORES 3302    ,PAYMENT,5,-8.6
269,CARDTRONICS UK LTD    BT KIOSK O/S REDHI    ,CASH,5,-10.95
984,SAINSBURYS S/MKTS    ,PAYMENT,5,-264.17
533,ITUNES.COM/BILL       IRELAND               ,PAYMENT,5,-9.780000000000001
660,MKP TRANSPORT         INV 1389           BBP,PAYMENT,5,-312.0
1272,WH SMITH TRAVEL      ,PAYMENT,5,-3.1500000000000004
372,EAT LTD              ,PAYMENT,5,-6.98
1099,TESCO METRO 2265     ,PAYMENT,5,-5.5
158,Audible.co.uk        ,PAYMENT,5,-7.99
1012,SCREWFIX DIRECT LT   ,PAYMENT,5,-31.47
1217,Vue Cinemas          ,PAYMENT,6,-14.26
961,SAINSBURY&#039;S S/MKTS   ,PAYMENT,6,-181.76
450,HALIFAX PLC           HFX  CRAWLEY          ,CASH,6,-10.0
844,POUNDLAND LTD 1244   ,PAYMENT,6,-3.0
137,ARGOS REDHILL        ,PAYMENT,6,-29.99
990,SAM MCCAULEY CHEMI    IRELAND               ,PAYMENT,6,-1.83
1041,SOURCE FOOD STORES   ,PAYMENT,6,-5.25
839,POST OFFICE COUNTE   ,PAYMENT,6,-5.56
989,SAINSBURYS SMKTS     ,PAYMENT,6,-10.6
388,FALCON               ,PAYMENT,6,-10.15
849,PP*URBAN KITCHEN     ,PAYMENT,6,-7.8
193,BENTALL CENTRE       ,PAYMENT,6,-2.8
966,SAINSBURYS BANK       Sainsburys Bank       ,CASH,6,-60.0
381,EVEREST SPICE        ,PAYMENT,6,-32.75
446,H &amp; M                ,PAYMENT,6,-27.96
416,GLOBALLS.CO.UK       ,PAYMENT,6,-11.0
189,BENEFIT COSMETICS    ,PAYMENT,6,-16.5
880,PUCCINOS REDHILL P   ,PAYMENT,6,-15.15
1027,SHOPIFY * 64678861    IRELAND               ,PAYMENT,6,-23.51
411,GAK ACCOUSTIC        ,PAYMENT,6,-80.0
927,REIGATE &amp; BANSTEAD   ,PAYMENT,6,-4.3
1232,WAITROSE 206         ,PAYMENT,6,-37.48
429,GOOGLE *Google Sto   ,PAYMENT,6,-9.58
892,Patreon* Membershi    AMOUNT IN USD         ,PAYMENT,6,-4.91
159,Audible.co.uk        ,PAYMENT,6,-7.99
930,REIGATE DANCE COMP    MIA DAVIES         FT ,FT,6,-30.0
896,Prime Video*M65AV9    LUXEMBOURG            ,PAYMENT,6,-0.99
16,202397 22JUN 11.53    DORKING 1          ATM,CASH,6,-20.0
1020,SHELL SHOREHAM AIR   ,PAYMENT,6,-72.15
2,10.34 on 28/06/19     M9 REIGATE         ASD,OTH,6,-2000.0
1014,SELECTA UK GBP       ,PAYMENT,6,-1.0
163,B &amp; M RETAIL         ,PAYMENT,6,-13.86
415,GLL HORLEY ANDERSO   ,PAYMENT,6,-4.35
1234,WAITROSE 527         ,PAYMENT,6,-2.7
908,Prime Video*MN7TI5    LUXEMBOURG            ,PAYMENT,6,-3.49
897,Prime Video*M65LR4    LUXEMBOURG            ,PAYMENT,6,-2.49
932,REIGATE PARISH        ELLA MIA DAVIES    FT ,FT,6,-10.0
936,REIGATE PARISH CHU   ,PAYMENT,6,-81.1
1216,Vue Cinema           ,PAYMENT,6,-23.96
856,PRET A MANGER        ,PAYMENT,6,-12.95
1225,WAGAMAMA 244         ,PAYMENT,6,-33.6
953,RUSHFIELDS PLANT C   ,PAYMENT,6,-25.53
861,PRIORY FARM          ,PAYMENT,6,-1.75
184,BAXTER &amp; GREENE       IRELAND               ,PAYMENT,6,-6.36
373,EAT LTD              ,PAYMENT,6,-6.98
422,GOOGLE *Google Pla   ,PAYMENT,6,-3.99
1034,SMALLFIELD RIDING    ,PAYMENT,6,-45.0
434,GRAFTON STREET        IRELAND               ,CASH,6,-19.77
1315,WWW.REIGATE-BANSTE   ,PAYMENT,6,-30.0
1006,SANTANDER UK          9 WARWICK QUADRANT    ,CASH,6,-20.0
145,Amazon Prime*MN3TT    LUXEMBOURG            ,PAYMENT,6,-7.99
867,PUCCINO&#039;S REDHILL    ,PAYMENT,6,-14.05
454,HARLEQUIN THEATRE    ,PAYMENT,6,-6.0
322,COSTA COFFEE         ,PAYMENT,6,-42.0
534,ITUNES.COM/BILL       IRELAND               ,PAYMENT,6,-9.780000000000001
656,MILK&amp;MORE            ,PAYMENT,6,-13.299999999999999
1105,TESCO STORE 2560     ,PAYMENT,6,-104.36
1102,TESCO PFS 3874       ,PAYMENT,6,-4.45
72,44111 OLE STEEN VI   ,PAYMENT,6,-12.95
1095,T A DELAHUNTY         LUCY DAVIES        FT ,FT,6,-130.0
676,MRS LUCY DAVIES       4929150563141004   BBP,PAYMENT,6,-200.0
1088,Spotify UK           ,PAYMENT,6,-14.99
1273,WH SMITH TRAVEL      ,PAYMENT,6,-3.49
92,ADOBE STOCK           IRELAND               ,PAYMENT,6,-23.99
649,MICHAEL               MS2                FT ,FT,6,-100.0
690,NAT WEST BANK         N/RAIL WATERLOO8      ,CASH,6,-40.0
7,1ST STOP STATIONER   ,PAYMENT,6,-14.91
1192,UBER TRIP HELP.UBE   ,PAYMENT,6,-5.18
1281,WHITE HORSE HOTEL    ,PAYMENT,6,-122.5
1080,Saba UK-GTR          ,PAYMENT,6,-7.15
705,NATIONWIDE B.S.       STATION ROAD          ,CASH,6,-100.0
706,NCP LIMITED          ,PAYMENT,6,-12.0
1285,WIMPY INTERNATIONA   ,PAYMENT,6,-12.05
1167,THE WALLED GARDEN    ,PAYMENT,6,-6.55
713,NEW SOUTHERN RAILW   ,PAYMENT,6,-264.79999999999995
28,204676 93127729       MOBILE-CHANNEL     FT ,FT,6,-530.0
67,43REIGATE             REIGATE 43         BCC,PAYMENT,6,-1000.0
647,MFG GATTON POINT     ,PAYMENT,6,-39.71
645,MCDONALDS 197        ,PAYMENT,6,-14.419999999999998
642,MCDONALDS            ,PAYMENT,6,-35.31
565,JULIA BASS            MIA DAVIES         FT ,FT,6,-100.0
572,KEVIN WINDOWS         11 DEVON CRESCENT  FT ,FT,6,-27.0
308,COLAIRO&#039;S            ,PAYMENT,6,-1.7
88,ADOBE PHOTOGPHY PL    IRELAND               ,PAYMENT,6,-9.98
303,CO-OP GROUP 310439   ,PAYMENT,6,-5.15
1150,THE HATCH PUBLIC H   ,PAYMENT,6,-6.3
112,AMT COFFEE           ,PAYMENT,6,-1.9
299,CLAS OHLSON          ,PAYMENT,6,-16.36
79,ABBEY MASTERCARD C    5286897469256575   STO,REPEATPMT,6,-210.0
1263,WH SMITH             ,PAYMENT,6,-11.48
598,LLOYDS                LOYD 1 LONDON ROAD    ,CASH,6,-20.0
294,CHILLI AND SPICE     ,PAYMENT,6,-35.0
554,JOHN LEWIS           ,PAYMENT,6,-5.5
1126,THE BLACK HORSE      ,PAYMENT,6,-52.75
291,CHESSINGTON GARDEN   ,PAYMENT,6,-4.6
315,COSTA @ NEXT 43040   ,PAYMENT,6,-8.2
1123,THE BELL STREET KI   ,PAYMENT,6,-5.4
1153,THE LITTLE SHOP      ,PAYMENT,6,-1.0
285,CHALK HILLS BAKERY   ,PAYMENT,6,-8.7
546,IZ *GRABTHAI - Ban   ,PAYMENT,6,-9.99
631,MARKS&amp;SPENCER PLC    ,PAYMENT,6,-24.0
1116,TFL TRAVEL CH        ,PAYMENT,6,-9.6
1156,THE MIXING JUG       ,PAYMENT,6,-7.2
637,MARTIN MCCOLL        ,PAYMENT,6,-3.7
275,CARDTRONICS UK LTD    SOUTHERN RAILWAY2     ,CASH,6,-10.95
517,IKEA LTD 144 CROYD   ,PAYMENT,6,-74.95
1280,WHISTLESTOP          ,PAYMENT,6,-2.58
1240,WAITROSE 573         ,PAYMENT,6,-10.93
758,OPEN TO LEARN         TAYLORS SCHOOL     STO,REPEATPMT,6,-20.0
1058,STARBUCKS 11121453   ,PAYMENT,6,-3.15
1306,WWW.FRASERPORTRAIT   ,PAYMENT,6,-26.0
96,ALDI STORES LTD      ,PAYMENT,6,-48.99
768,PAPERCHASE           ,PAYMENT,6,-7.5
721,NEXT DIRECTORY       ,PAYMENT,6,-20.0
771,PAPERCHASE PRODUCT   ,PAYMENT,6,-3.0
1054,STARBUCKS            ,PAYMENT,6,-2.8
338,Crawley Borough Co   ,PAYMENT,6,-3.3
484,HOBBS OF HURST       ,PAYMENT,6,-10.85
235,BP HILLSIDE CONNEC   ,PAYMENT,6,-93.80000000000001
481,HMSHOST IRELAND LT    IRELAND               ,PAYMENT,6,-2.7
217,BOOTS 1132           ,PAYMENT,6,-7.0
793,PAYPAL *MOUNTAIN W   ,PAYMENT,6,-11.98
345,DELIVEROO.CO.UK      ,PAYMENT,6,-29.79
1183,TOY BARNHAUS         ,PAYMENT,6,-17.46
349,DIWALI RESTAURANT     IRELAND               ,PAYMENT,6,-42.07
468,HICKEYS PHARMACY G    IRELAND               ,PAYMENT,6,-1.14
1186,TRIBE,PAYMENT,6,-122.43
354,DT LONDON CITY/DT    ,PAYMENT,6,-8.96
342,DECATHLON UK VAD     ,PAYMENT,6,-43.94
501,HOMEBASE LTD 247     ,PAYMENT,6,-12.0
985,SAINSBURYS S/MKTS    ,PAYMENT,6,-60.35
729,NOTEMACHINE           MORRISON&#039;S            ,CASH,6,-10.0
734,NOWTV.COM/BILLINGH   ,PAYMENT,6,-7.99
728,NOTEMACHINE           LONDON BRIDGE STAT    ,CASH,6,-30.0
1293,WM MORRISONS STORE   ,PAYMENT,6,-298.74
727,NEXT RETAIL LTD      ,PAYMENT,6,-95.0
242,BRITISH HEART FOUN   ,PAYMENT,6,-8.24
1066,STUDLEY GREEN GARD   ,PAYMENT,6,-48.07
1062,STEAMGAMES.COM       ,PAYMENT,6,-15.49
1171,TILGATE NATURE CEN   ,PAYMENT,6,-7.0
1078,SUZANNE ALLIN         MIACLASSREPDONATIO FT ,FT,7,-5.0
1018,SHELL BUCKLAND 238   ,PAYMENT,7,-40.05
1124,THE BELL STREET KI   ,PAYMENT,7,-2.3
1127,THE BLACK HORSE      ,PAYMENT,7,-94.05
1021,SHERE DELIGHTS       ,PAYMENT,7,-11.5
1053,SSP IRELAND LTD       IRELAND               ,PAYMENT,7,-7.54
1199,URBAN EXPRESS 1131   ,PAYMENT,7,-1.09
1264,WH SMITH             ,PAYMENT,7,-46.96
1308,WWW.FREEDOM-LEISUR   ,PAYMENT,7,-21.16
1013,SCREWFIX DIRECT LT   ,PAYMENT,7,-29.46
1134,THE CHILDRENS TRUS   ,PAYMENT,7,-4.0
1286,WKZRESUME BUILDER     PUERTO RICO           ,PAYMENT,7,-2.2399999999999998
1185,TRAVELEX              LCA A/S Shop 1        ,CASH,7,-20.0
1139,THE GARIBALDI        ,PAYMENT,7,-9.8
38,204981 13823431       LOAN               FT ,FT,7,-5000.0
1045,SOUTHWATER COUNTRY   ,PAYMENT,7,-4.7
1254,WELCOME BREAK STAR   ,PAYMENT,7,-3.4
1312,WWW.KYBOTECH.CO.UK   ,PAYMENT,7,-1123.2
1251,WELCOME B/WAITROSE   ,PAYMENT,7,-23.15
1191,The metal store      ,PAYMENT,7,-59.02
1218,Vue Cinemas          ,PAYMENT,7,-5.53
12,202397 06JUL 10.29    REIGATE            ATM,CASH,7,-400.0
1179,TONI&#039;S DINER 01       IRELAND               ,PAYMENT,7,-5.5
1294,WM MORRISONS STORE   ,PAYMENT,7,-418.42
1155,THE METAL STORE      ,PAYMENT,7,-121.42
1089,Spotify UK           ,PAYMENT,7,-14.99
1092,Swots                ,PAYMENT,7,-24.95
18,202397 26JUL 10.30    REDHILL 1          ATM,CASH,7,-20.0
1097,TESCO                 TESCO GATWICK EXT     ,CASH,7,-20.0
1274,WH SMITH TRAVEL      ,PAYMENT,7,-1.99
30,204676 93127729       OPTIONAL           FT ,FT,7,-562.0
1106,TESCO STORE 2560     ,PAYMENT,7,-21.19
1170,TIGER STORES LIMIT   ,PAYMENT,7,-3.0
1007,SANTANDER UK          9 WARWICK QUADRANT    ,CASH,7,-20.0
1163,THE STABLES CAFE     ,PAYMENT,7,-26.85
1242,WAITROSE 580         ,PAYMENT,7,-28.82
1109,TESCO STORES 3302    ,PAYMENT,7,-3.0
1298,WOODHATCH SERVICE    ,PAYMENT,7,-16.99
1119,TH DOLMAN CHEMIST    ,PAYMENT,7,-10.6
1055,STARBUCKS            ,PAYMENT,7,-3.8
11,202397 06JUL 10.28    REIGATE            ATM,CASH,7,-500.0
1028,SHOPIFY * 65908363    IRELAND               ,PAYMENT,7,-23.84
1320,YO SUSHI             ,PAYMENT,7,-33.4
1226,WAGAMAMA 244         ,PAYMENT,7,-63.5
1081,Saba UK-GTR          ,PAYMENT,7,-7.15
1215,VUE BSL LTD          ,PAYMENT,7,-26.96
1247,WATERSTONES          ,PAYMENT,7,-16.98
1268,WH SMITH              IRELAND               ,PAYMENT,7,-5.55
8,1ST STOP STATIONER   ,PAYMENT,7,-7.16
1314,WWW.PRIMROSE.CO.UK   ,PAYMENT,7,-102.97
1035,SMALLFIELD RIDING    ,PAYMENT,7,-15.0
1176,TK MAXX              ,PAYMENT,7,-31.97
131,AMZNMktplace         ,PAYMENT,7,-94.95000000000002
730,NOTEMACHINE           MORRISON&#039;S            ,CASH,7,-50.0
334,CYCLESCHEME LTD      ,PAYMENT,7,-70.0
339,D512AIB /STH RICHM    IRELAND               ,CASH,7,-20.01
341,DDC REIGATE          ,PAYMENT,7,-168.02000000000004
668,MOUNTAIN WAREHOUSE   ,PAYMENT,7,-61.93
351,DORKING HALLS        ,PAYMENT,7,-2.75
355,DUBLIN AIRPORT        IRELAND               ,CASH,7,-19.25
664,MORLEY AUTO SERVIC   ,PAYMENT,7,-288.56
663,MONMOUTH COFFEE      ,PAYMENT,7,-6.2
367,EASYJET EX2VWHV      ,PAYMENT,7,-20.99
657,MILK&amp;MORE            ,PAYMENT,7,-11.4
374,EAT LTD              ,PAYMENT,7,-24.68
643,MCDONALDS            ,PAYMENT,7,-14.87
638,MARTIN MCCOLL        ,PAYMENT,7,-2.88
382,EVEREST SPICE        ,PAYMENT,7,-44.65
670,MR NIGEL ROBERTSON   ,PAYMENT,7,-6.5
632,MARKS&amp;SPENCER PLC    ,PAYMENT,7,-30.2
677,MRS LUCY DAVIES       4929150563141004   BBP,PAYMENT,7,-200.0
326,COSTA COFFEE 43034   ,PAYMENT,7,-4.1
297,CLAIRE&#039;S ACCESSORI   ,PAYMENT,7,-34.5
735,NOWTV.COM/BILLINGH   ,PAYMENT,7,-7.99
130,AMZNMKTPLACE AMAZO   ,PAYMENT,7,-11.49
301,CMT UK LTD TAXI FA   ,PAYMENT,7,-14.6
64,41REIGATE             REIGATE 41         BCC,PAYMENT,7,-8600.0
305,CO-OP GROUP FOOD     ,PAYMENT,7,-11.4
714,NEW SOUTHERN RAILW   ,PAYMENT,7,-2868.3
502,HOMEBASE LTD 247     ,PAYMENT,7,-151.29999999999998
316,COSTA @ NEXT 43040   ,PAYMENT,7,-6.25
66,42REDHILL             REDHILL 42         BCC,PAYMENT,7,-3000.0
68,43REIGATE             REIGATE 43         BCC,PAYMENT,7,-5000.0
685,NANDOS               ,PAYMENT,7,-34.2
323,COSTA COFFEE         ,PAYMENT,7,-50.190000000000005
681,MUFFIN BREAK REDHI   ,PAYMENT,7,-2.1
331,COUGHLANS BAKERY R   ,PAYMENT,7,-5.1
624,MARKET STORES        ,PAYMENT,7,-7.95
386,FACEBK *TheLittleP    IRELAND               ,PAYMENT,7,-10.0
89,ADOBE PHOTOGPHY PL    IRELAND               ,PAYMENT,7,-9.98
547,IZ *GRABTHAI - Ban   ,PAYMENT,7,-7.99
452,HARDWICKE SF CONNE   ,PAYMENT,7,-25.07
456,HARRIS AND HOOLE H   ,PAYMENT,7,-3.4
986,SAINSBURYS S/MKTS    ,PAYMENT,7,-62.55
464,HAWKINS BAZAAR BRI   ,PAYMENT,7,-4.5
535,ITUNES.COM/BILL       IRELAND               ,PAYMENT,7,-9.780000000000001
469,HILLIER NURSERIES    ,PAYMENT,7,-13.75
93,ADOBE STOCK           IRELAND               ,PAYMENT,7,-23.99
519,IMOGEN GALPIN         ELLA DAVIES        FT ,FT,7,-5.0
98,ALLDAYS              ,PAYMENT,7,-2.7
483,HN &amp; WM LTD          ,PAYMENT,7,-4.8
97,ALDI STORES LTD      ,PAYMENT,7,-133.45
100,AMAZON.CO.UK*M65I6    LUXEMBOURG            ,PAYMENT,7,-34.99
555,JOHN LEWIS FINANCI    5420113823198710   BBP,PAYMENT,7,-200.0
436,GREENSLEEVES         ,PAYMENT,7,-7.5
620,M&amp;S SIMPLY FOOD -    ,PAYMENT,7,-3.8
614,M&amp;S SIMPLY FOOD      ,PAYMENT,7,-3.1
402,FLORIOGRAPHY BY VE   ,PAYMENT,7,-7.5
606,LONDON CITY AIRPOR   ,PAYMENT,7,-2.0
605,LONDIS               ,PAYMENT,7,-4.82
601,LLOYDS                LOYD 4 HIGH STREET    ,CASH,7,-30.0
599,LLOYDS                LOYD 1 LONDON ROAD    ,CASH,7,-20.0
295,CINEWORLD            ,PAYMENT,7,-42.8
80,ABBEY MASTERCARD C    5286897469256575   STO,REPEATPMT,7,-210.0
586,LEIGH DELAMERE S/W   ,PAYMENT,7,-6.28
423,GOOGLE *Google Pla   ,PAYMENT,7,-8.370000000000001
583,LAURA GRADY           ELLADCLASSREPDONAT FT ,FT,7,-5.0
574,Kindle Svcs*M60GY3    LUXEMBOURG            ,PAYMENT,7,-11.99
430,GOOGLE *Google Sto   ,PAYMENT,7,-9.58
568,Jungle Rumble (Bri   ,PAYMENT,7,-26.0
566,JULIA BASS            MIA DAVIES         FT ,FT,7,-300.0
409,FRINGE SOCIETY       ,PAYMENT,7,-3.85
286,CHALK HILLS BAKERY   ,PAYMENT,7,-5.2
311,COOL MILK AT SCHOO   ,PAYMENT,7,-15.62
252,BUTLERS CHOCOLATES    IRELAND               ,PAYMENT,7,-9.26
147,Amazon.co.uk*MH1QY    LUXEMBOURG            ,PAYMENT,7,-73.5
160,Audible.co.uk        ,PAYMENT,7,-7.99
949,RONTEC REIGATE MAN   ,PAYMENT,7,-48.59
260,CABOT CIRCUS CAR P   ,PAYMENT,7,-6.3
257,C BREWER &amp; SONS      ,PAYMENT,7,-29.83
255,Belfry Shopping Ce   ,PAYMENT,7,-3.4
236,BP HILLSIDE CONNEC   ,PAYMENT,7,-86.1
942,RISTRETTO            ,PAYMENT,7,-8.1
203,BIG BAO              ,PAYMENT,7,-5.5
940,RINGGO PARKING       ,PAYMENT,7,-1.7
868,PUCCINO&#039;S REDHILL    ,PAYMENT,7,-15.1
165,B &amp; Q 1155           ,PAYMENT,7,-53.2
893,Patreon* Membershi    AMOUNT IN USD         ,PAYMENT,7,-4.88
202,BETWEEN THE LINES    ,PAYMENT,7,-2.5
243,BRITISH HEART FOUN   ,PAYMENT,7,-4.49
240,BRENDAN MURPHY TAX    IRELAND               ,PAYMENT,7,-22.13
881,PUCCINOS REDHILL P   ,PAYMENT,7,-16.8
250,BURGER KING          ,PAYMENT,7,-22.43
923,REDHILL PLUMBING C   ,PAYMENT,7,-12.99
262,CAFFE KIX            ,PAYMENT,7,-7.65
840,POST OFFICE COUNTE   ,PAYMENT,7,-5.8
759,OPEN TO LEARN         TAYLORS SCHOOL     STO,REPEATPMT,7,-20.0
977,SAINSBURYS PETROL    ,PAYMENT,7,-8.6
976,SAINSBURYS MASTERC    5126879468159731   BBP,PAYMENT,7,-30.0
761,OVEN FRESH BAKERY    ,PAYMENT,7,-4.0
902,Prime Video*MH8GN3    LUXEMBOURG            ,PAYMENT,7,-2.49
270,CARDTRONICS UK LTD    BT KIOSK O/S REDHI    ,CASH,7,-10.95
268,CARDTRONICS UK LTD    BP - CROSS KEYS SF    ,CASH,7,-100.0
265,CAMDEN STREET         IRELAND               ,CASH,7,-40.14
142,Amazon Prime*M60IX    LUXEMBOURG            ,PAYMENT,7,-7.99
901,Prime Video*MH3I58    LUXEMBOURG            ,PAYMENT,7,-3.49
806,PAYPAL *STRICTLYLA   ,PAYMENT,7,-89.92
900,Prime Video*MH3009    LUXEMBOURG            ,PAYMENT,7,-4.49
826,PELT TRADER          ,PAYMENT,7,-7.2
967,SAINSBURYS BANK       Sainsburys Bank       ,CASH,7,-80.0
241,BRITANNIA PARKING    ,PAYMENT,7,-1.0
421,GOED GEMERKT B.V.     NETHERLANDS           ,PAYMENT,8,-14.9
102,AMAZON.CO.UK*MA5XD    LUXEMBOURG            ,PAYMENT,8,-26.98
213,BOOTS,PAYMENT,8,-5.68
15,202397 17AUG 14.28    REIGATE            ATM,CASH,8,-30.0
1265,WH SMITH             ,PAYMENT,8,-47.550000000000004
1200,URBAN EXPRESS 1131   ,PAYMENT,8,-1.09
493,HOLLAND &amp; BARRETT    ,PAYMENT,8,-24.67
132,AMZNMktplace         ,PAYMENT,8,-71.98
1181,TOPSHOP              ,PAYMENT,8,-55.0
138,ARK ENTERPRISES LI   ,PAYMENT,8,-19.9
1,10.20 on 23/08/19     M4 REDHILL         ASD,OTH,8,-800.0
465,HAY,PAYMENT,8,-13.0
1187,TU AT SAINSBURYS     ,PAYMENT,8,-28.0
144,Amazon Prime*MH63X    LUXEMBOURG            ,PAYMENT,8,-79.0
1321,YO SUSHI             ,PAYMENT,8,-40.0
1193,UBER TRIP HELP.UBE   ,PAYMENT,8,-5.81
408,FREEDOM LEISURE      ,PAYMENT,8,-34.2
161,Audible.co.uk        ,PAYMENT,8,-7.99
101,AMAZON.CO.UK*MA5WF    LUXEMBOURG            ,PAYMENT,8,-10.99
432,GOOGLE Google Stor   ,PAYMENT,8,-7.99
190,BENEFIT COSMETICS    ,PAYMENT,8,-38.0
221,BOOTS 1533           ,PAYMENT,8,-6.4
1219,W A BENNETT           MIA DAVIES GUITAR  BBP,PAYMENT,8,-120.0
406,FORTNUM &amp; MASON      ,PAYMENT,8,-25.99
327,COSTA COFFEE 43044   ,PAYMENT,8,-10.7
261,CAFE CWTCH           ,PAYMENT,8,-7.8
324,COSTA COFFEE         ,PAYMENT,8,-12.2
1277,WHAT THE PITTA       ,PAYMENT,8,-8.0
1275,WH SMITH TRAVEL      ,PAYMENT,8,-10.28
1248,WATERSTONES          ,PAYMENT,8,-26.97
264,CAFFE NERO EDINBUR   ,PAYMENT,8,-3.0
310,COLE ADOLPHY LIMIT   ,PAYMENT,8,-8.15
1252,WELCOME B/WAITROSE   ,PAYMENT,8,-19.9
307,COFFEE # 1 BRECON    ,PAYMENT,8,-5.2
1255,WELCOME BREAK STAR   ,PAYMENT,8,-3.05
302,CO-OP GROUP 020101   ,PAYMENT,8,-7.25
272,CARDTRONICS UK LTD    DREAMLAND MARGATE     ,CASH,8,-21.85
1259,WEST CENTRAL         ,PAYMENT,8,-9.35
278,CARRBRIDGE HOTEL     ,PAYMENT,8,-7.1
279,CARRBRIDGE KITCHEN   ,PAYMENT,8,-15.95
281,CDKEYS.COM           ,PAYMENT,8,-25.98
1241,WAITROSE 573         ,PAYMENT,8,-21.549999999999997
1284,WILLIAM GLEN         ,PAYMENT,8,-2.0
251,BURGER KING1801107   ,PAYMENT,8,-6.19
1287,WKZRESUME BUILDER     PUERTO RICO           ,PAYMENT,8,-41.8
228,BOOTS 877            ,PAYMENT,8,-1.89
1305,WWW.EDFRINGE.COM     ,PAYMENT,8,-35.2
229,BOOTS-1680           ,PAYMENT,8,-2.0
237,BP HILLSIDE CONNEC   ,PAYMENT,8,-78.52
1222,W M MORRISONS.COM    ,PAYMENT,8,-104.52
1295,WM MORRISONS STORE   ,PAYMENT,8,-129.26
368,EAT                  ,PAYMENT,8,-2.1
244,BUBBLEOLOGY          ,PAYMENT,8,-8.18
365,EAST SURREY HOSPIT   ,PAYMENT,8,-9.0
245,BUBBLES CAR WASH     ,PAYMENT,8,-19.5
248,BUCKLEBURY FARM PA   ,PAYMENT,8,-60.0
376,EDINBURGH WAVERLEY   ,PAYMENT,8,-15.0
987,SAINSBURYS S/MKTS    ,PAYMENT,8,-85.61
503,HOMEBASE LTD 247     ,PAYMENT,8,-142.64
760,OPEN TO LEARN         TAYLORS SCHOOL     STO,REPEATPMT,8,-20.0
752,OLD WHITE HORSE      ,PAYMENT,8,-145.55
63,41REIGATE             ,OTH,8,-30.0
740,NYA*Mars Wrigley C   ,PAYMENT,8,-3.3000000000000003
736,NOWTV.COM/BILLINGH   ,PAYMENT,8,-7.99
29,204676 93127729       MOBILE-CHANNEL     FT ,FT,8,-15.0
722,NEXT DIRECTORY       ,PAYMENT,8,-25.0
95,ALDI STORES          ,PAYMENT,8,-60.96
1056,STARBUCKS            ,PAYMENT,8,-6.85
65,41REIGATE             REIGATE 41         BCC,PAYMENT,8,-3010.0
1082,Saba UK-GTR          ,PAYMENT,8,-7.15
1091,SumUp *The Matthew   ,PAYMENT,8,-16.0
678,MRS LUCY DAVIES       4929150563141004   BBP,PAYMENT,8,-201.78
1093,Swots                ,PAYMENT,8,-18.95
1096,TESCO                 TESCO AVIEMORE        ,CASH,8,-50.0
669,MOUNTAIN WAREHOUSE   ,PAYMENT,8,-124.93
1098,TESCO                 TESCO JUBIL ST EXP    ,CASH,8,-20.0
1100,TESCO PFS 3729       ,PAYMENT,8,-79.03
1103,TESCO STORE 2046     ,PAYMENT,8,-26.43
658,MILK&amp;MORE            ,PAYMENT,8,-14.25
1107,TESCO STORES 2015    ,PAYMENT,8,-97.34
1046,SPAR CARRBRIDGE 50   ,PAYMENT,8,-10.95
962,SAINSBURY&#039;S S/MKTS   ,PAYMENT,8,-148.92
951,ROTHIEMURCHUS        ,PAYMENT,8,-44.89
950,RONTEC REIGATE MAN   ,PAYMENT,8,-46.43000000000001
941,RINGGO PARKING 8     ,PAYMENT,8,-1.12
43,204981 13823431       MOBILE-CHANNEL     FT ,FT,8,-1050.0
937,RICHARD BOOTHS BOO   ,PAYMENT,8,-31.25
1008,SANTANDER UK          9 WARWICK QUADRANT    ,CASH,8,-80.0
1015,SEVERN VIEW WH SMI   ,PAYMENT,8,-2.8
1047,SPAR HAY-ON-WYE      ,PAYMENT,8,-2.2
1016,SHELL ALDERMASTON    ,PAYMENT,8,-5.28
894,Patreon* Membershi    AMOUNT IN USD         ,PAYMENT,8,-5.11
1029,SHOPIFY * 67135051    IRELAND               ,PAYMENT,8,-24.59
869,PUCCINO&#039;S REDHILL    ,PAYMENT,8,-11.4
863,PROCAFFEINATION      ,PAYMENT,8,-14.9
1036,SMALLFIELD RIDING    ,PAYMENT,8,-90.0
1038,SMIGGLE              ,PAYMENT,8,-15.5
857,PRET A MANGER        ,PAYMENT,8,-21.13
1044,SOUTHERN CO-OP 037   ,PAYMENT,8,-7.0
841,POST OFFICE COUNTE   ,PAYMENT,8,-3.0
1019,SHELL BUCKLAND 238   ,PAYMENT,8,-40.68
73,AA DRIVETECH         ,PAYMENT,8,-91.0
715,NEW SOUTHERN RAILW   ,PAYMENT,8,-42.0
644,MCDONALDS            ,PAYMENT,8,-5.37
1137,THE ENTERTAINER 15   ,PAYMENT,8,-6.0
585,LEIGH DELAMERE N/E   ,PAYMENT,8,-5.98
582,LANDMARK FOREST AD   ,PAYMENT,8,-112.02
573,KINROSS MWSA         ,PAYMENT,8,-79.62
557,JOHN LEWIS FINANCI    5420114001339167   BBP,PAYMENT,8,-250.0
21,204676 93127729       BILLS              FT ,FT,8,-500.0
548,IZ *Hi Coffee Stor   ,PAYMENT,8,-5.0
540,IZ *COYOTE COFFEE    ,PAYMENT,8,-12.6
1157,THE MOORINGS RESTA   ,PAYMENT,8,-46.4
1159,THE POST OFFICE      ,PAYMENT,8,-1.5
90,ADOBE PHOTOGPHY PL    IRELAND               ,PAYMENT,8,-9.98
536,ITUNES.COM/BILL       IRELAND               ,PAYMENT,8,-9.780000000000001
528,ITSU 027 CHEAPSIDE   ,PAYMENT,8,-11.99
1165,THE SWAN AT HAY      ,PAYMENT,8,-230.4
507,HONESTY@BUCKLEBURY   ,PAYMENT,8,-16.25
592,LINK                  PO LINKFIELD CORNE    ,CASH,8,-40.0
603,LOCH NESS CTRE &amp; E   ,PAYMENT,8,-23.95
1158,THE OLD BRIDGE INN   ,PAYMENT,8,-97.35
1120,THANET DISTRICT CO   ,PAYMENT,8,-2.1
621,M&amp;S SIMPLY FOOD -    ,PAYMENT,8,-18.950000000000003
615,M&amp;S SIMPLY FOOD      ,PAYMENT,8,-7.6
633,MARKS&amp;SPENCER PLC    ,PAYMENT,8,-98.0
1030,SHOPIFY * 68387328    IRELAND               ,PAYMENT,9,-24.29
537,ITUNES.COM/BILL       IRELAND               ,PAYMENT,9,-9.780000000000001
225,BOOTS 1987           ,PAYMENT,9,-6.41
1223,W M MORRISONS.COM    ,PAYMENT,9,-211.39
1031,SLIPSHOE ST DENTAL   ,PAYMENT,9,-100.0
898,Prime Video*MA3Z03    LUXEMBOURG            ,PAYMENT,9,-3.49
870,PUCCINO&#039;S REDHILL    ,PAYMENT,9,-8.2
238,BP HILLSIDE CONNEC   ,PAYMENT,9,-23.209999999999997
882,PUCCINOS REDHILL P   ,PAYMENT,9,-2.0
1190,TWO MANY COOKS       ,PAYMENT,9,-2.3
1296,WM MORRISONS STORE   ,PAYMENT,9,-2.5
230,BOOTS-1680           ,PAYMENT,9,-7.0
895,Patreon* Membershi    AMOUNT IN USD         ,PAYMENT,9,-5.09
214,BOOTS,PAYMENT,9,-17.08
988,SAINSBURYS S/MKTS    ,PAYMENT,9,-18.85
133,AMZNMktplace         ,PAYMENT,9,-77.96
963,SAINSBURY&#039;S S/MKTS   ,PAYMENT,9,-35.4
504,HOMEBASE LTD 247     ,PAYMENT,9,-45.980000000000004
143,Amazon Prime*MA460    LUXEMBOURG            ,PAYMENT,9,-7.99
488,HOBBYCRAFT           ,PAYMENT,9,-2.5
366,EAST SURREY HOSPIT   ,PAYMENT,9,-24.0
246,BUBBLEWRAP WAFFLE    ,PAYMENT,9,-6.99
94,ADOBE STOCK           IRELAND               ,PAYMENT,9,-23.99
518,IKEA LTD 144 CROYD   ,PAYMENT,9,-78.55
162,Audible.co.uk        ,PAYMENT,9,-7.99
634,MARKS&amp;SPENCER PLC    ,PAYMENT,9,-5.35
931,REIGATE DANCE COMP    MIA DAVIES         FT ,FT,9,-65.0
659,MILK&amp;MORE            ,PAYMENT,9,-6.09
1117,TFL TRAVEL CH        ,PAYMENT,9,-4.8
1083,Saba UK-GTR          ,PAYMENT,9,-7.15
683,Metrobus             ,PAYMENT,9,-2.5
737,NOWTV.COM/BILLINGH   ,PAYMENT,9,-7.99
113,AMT COFFEE           ,PAYMENT,9,-1.7
1135,THE CLARKS SHOP      ,PAYMENT,9,-38.05
298,CLAIRE&#039;S ACCESSORI   ,PAYMENT,9,-10.0
81,ABBEY MASTERCARD C    5286897469256575   STO,REPEATPMT,9,-210.0
723,NEXT DIRECTORY       ,PAYMENT,9,-25.0
325,COSTA COFFEE         ,PAYMENT,9,-9.9
413,GAYTON VETERINARY    ,PAYMENT,9,-62.19
716,NEW SOUTHERN RAILW   ,PAYMENT,9,-15.8
306,CO-OP GROUP FOOD     ,PAYMENT,9,-0.9
405,FLUTE LESSONS         MT15043377         FT ,FT,9,-82.0
679,MRS LUCY DAVIES       4929150563141004   BBP,PAYMENT,9,-200.0
1249,WATERSTONES          ,PAYMENT,9,-6.99
610,M &amp; M &#039;S WORLD. LO   ,PAYMENT,9,-1.44
593,LINK                  PO LINKFIELD CORNE    ,CASH,9,-300.0
1090,Spotify UK           ,PAYMENT,9,-14.99
1266,WH SMITH             ,PAYMENT,9,-2.49
584,LEGO STORE           ,PAYMENT,9,-9.04
336,County Mall Car Pa   ,PAYMENT,9,-2.5
622,M&amp;S SIMPLY FOOD -    ,PAYMENT,9,-2.95
54,204981 60037737       OPTIONAL           FT ,FT,9,-1.0
558,JOHN LEWIS FINANCI    5420114001339167   BBP,PAYMENT,9,-250.0
845,POUNDLAND LTD 1244   ,PAYMENT,9,-2.0
256,Belfry Shopping Ce   ,PAYMENT,9,-1.0
842,POST OFFICE SELF S   ,PAYMENT,9,-2.3
1110,TESCO STORES 6999    ,PAYMENT,9,-2.6
431,GOOGLE *Google Sto   ,PAYMENT,9,-1.59
567,JULIA BASS            MIA DAVIES         FT ,FT,9,-50.0
1276,WH SMITH TRAVEL      ,PAYMENT,9,-24.85
32,204676 93127729    FT ,FT,9,-500.0
1201,URBAN EXPRESS 1131   ,PAYMENT,9,-1.09
769,PAPERCHASE           ,PAYMENT,9,-3.5
1057,STARBUCKS            ,PAYMENT,9,-4.8
13,202397 07SEP 14.52    REDHILL 2          ATM,CASH,9,-300.0
858,PRET A MANGER        ,PAYMENT,9,-12.73
